"","Data","Detection Estimated","No Detection Estimated"
"1","Observed",4139.1416863131,53592.9506131273
"2","Simulated",13595.7953882582,121195.68195343
