"","Data","Detection Estimated","No Detection Estimated"
"1","Observed",11961.8102135814,363345.321793226
"2","Simulated",16905.1873521173,180534.244776999
