"","Data","Detection Estimated","No Detection Estimated"
"1","Observed",12178.4953055668,364698.143784217
"2","Simulated",18422.4084640312,188939.462464093
