"","Data","Detection Estimated","No Detection Estimated"
"1","Observed",7726.10191418559,177297.21811303
"2","Simulated",13595.3700068927,121195.708211144
