"","Data","Detection Estimated","No Detection Estimated"
"1","Observed",3850.7504657971,33577.05407496
"2","Simulated",13596.9880012053,121195.708211144
