"","Data","Detection Estimated","No Detection Estimated"
"1","Observed",13821.127149443,433758.036311329
"2","Simulated",13599.5711658708,121197.284962491
