"","Data","Detection Estimated","No Detection Estimated"
"1","Observed",82622.4559313923,6004.35062670056
"2","Simulated",115529.015770312,13456.555062978
