"","Data","Detection Estimated","No Detection Estimated"
"1","Observed",1606.72788571523,19940.7701096018
"2","Simulated",13599.8884537401,121195.708211144
