"","Data","Detection Estimated","No Detection Estimated"
"1","Observed",15449.8065309087,178.70999473518
"2","Simulated",68013.120873197,916.169153527575
