"","Data","Detection Estimated","No Detection Estimated"
"1","Observed",12196.2703929738,364696.30995183
"2","Simulated",16901.2287113472,180533.547141632
