"","Data","Detection Estimated","No Detection Estimated"
"1","Observed",12241.9764997276,357757.680054504
"2","Simulated",16905.1873521173,180534.244776999
