"","Data","Detection Estimated","No Detection Estimated"
"1","Observed",6825.55151360798,147901.345243616
"2","Simulated",13678.1402644295,119260.138581107
