"","Data","Detection Estimated","No Detection Estimated"
"1","Observed",13655.7273938886,433754.480379573
"2","Simulated",13604.6779264207,121194.965330411
