"","Data","Detection Estimated","No Detection Estimated"
"1","Observed",5454.0166650558,61382.6285684799
"2","Simulated",13595.3700068927,121195.708211144
