"","Data","Detection Estimated","No Detection Estimated"
"1","Observed",5057.71612943048,82616.4263009205
"2","Simulated",13600.5446310662,121193.31260104
