"","Data","Detection Estimated","No Detection Estimated"
"1","Observed",12168.4057489362,364695.824455141
"2","Simulated",16903.7205363488,180533.547141632
