"","Data","Detection Estimated","No Detection Estimated"
"1","Observed",5013.32616693878,81395.1722201783
"2","Simulated",13062.1452918523,114571.792577345
