"","Data","Detection Estimated","No Detection Estimated"
"1","Observed",14842.990329968,15873.5809016179
"2","Simulated",37019.8194455367,745659.26811566
