"","Data","Detection Estimated","No Detection Estimated"
"1","Observed",12168.4057489362,364695.824455141
"2","Simulated",16902.7450218165,180533.547141632
