"","Data","Detection Estimated","No Detection Estimated"
"1","Observed",12854.0312528108,386623.224265592
"2","Simulated",18362.9846426467,174818.722384686
