"","Data","Detection Estimated","No Detection Estimated"
"1","Observed",16804.215998764,103.965418047398
"2","Simulated",22702.3054490387,456.495598776723
