"","Data","Detection Estimated","No Detection Estimated"
"1","Observed",14117.4688171564,166.897688261917
"2","Simulated",237872.111797013,1878.40233203216
