"","Data","Detection Estimated","No Detection Estimated"
"1","Observed",12797.5432448342,386623.224265592
"2","Simulated",18375.3972135565,174819.014350244
