"","Data","Detection Estimated","No Detection Estimated"
"1","Observed",13090.0122791829,421880.045262015
"2","Simulated",17166.5454836468,186629.306470682
