"","Data","Detection Estimated","No Detection Estimated"
"1","Observed",12797.5432448342,386623.224265592
"2","Simulated",16905.1873521173,180534.244776999
