"","Data","Detection Estimated","No Detection Estimated"
"1","Observed",6859.08296307685,147901.170718234
"2","Simulated",12710.349141086,97109.8152490129
