"","Data","Detection Estimated","No Detection Estimated"
"1","Observed",13586.3532587697,103.942356474123
"2","Simulated",210188.437345979,456.495597877735
