"","Data","Detection Estimated","No Detection Estimated"
"1","Observed",4674.25323053223,45939.5112405938
"2","Simulated",13606.2600950332,121194.471939807
