"","Data","Detection Estimated","No Detection Estimated"
"1","Observed",12998.2292849461,12551.0516040331
"2","Simulated",51761.378057918,36794.6495187144
