"","Data","Detection Estimated","No Detection Estimated"
"1","Observed",4804.39436787398,62956.4949735546
"2","Simulated",13606.3369944237,121195.869355082
