"","Data","Detection Estimated","No Detection Estimated"
"1","Observed",12179.6756399515,364696.854905682
"2","Simulated",16901.351206834,180533.547141632
