"","Data","Detection Estimated","No Detection Estimated"
"1","Observed",5926.53466625026,82619.102407707
"2","Simulated",12680.8205479204,113303.79418351
