"","Data","Detection Estimated","No Detection Estimated"
"1","Observed",12831.3234806235,386623.224265592
"2","Simulated",18354.2273482661,174817.915306765
