"","Data","Detection Estimated","No Detection Estimated"
"1","Observed",4227.06470032754,4413.27571408469
"2","Simulated",15076.6828657704,15099.8186172235
