"","Data","Detection Estimated","No Detection Estimated"
"1","Observed",13900.8398403292,187.48757438566
"2","Simulated",151031.366992342,1763.3888531135
