"","Data","Detection Estimated","No Detection Estimated"
"1","Observed",17832.0770591414,111.499051371005
"2","Simulated",20959.2235579046,488.161651050883
