"","Data","Detection Estimated","No Detection Estimated"
"1","Observed",1903.5720922191,16453.5750150805
"2","Simulated",13595.7953882582,121195.68195343
