"","Data","Detection Estimated","No Detection Estimated"
"1","Observed",13028.2816675565,13233.2449896022
"2","Simulated",31635.3001916714,153798.342016597
