"","Data","Detection Estimated","No Detection Estimated"
"1","Observed",6885.80897317251,143420.606212958
"2","Simulated",11903.2590673319,104588.306807714
