"","Data","Detection Estimated","No Detection Estimated"
"1","Observed",13068.1788495531,403070.924509577
"2","Simulated",18375.3972135565,174819.014350244
