"","Data","Detection Estimated","No Detection Estimated"
"1","Observed",13524.861135568,15482.862942207
"2","Simulated",94741.964644304,607053.549357428
